timestamp,open,high,low,close,volume
2021-12-06,71.91000366210938,71.91000366210938,71.83000183105469,60.560001373291016,823
2021-12-07,60.560001373291016,60.560001373291016,60.560001373291016,60.560001373291016,0
2021-12-08,60.560001373291016,60.560001373291016,60.560001373291016,60.560001373291016,0
2021-12-09,77.0999984741211,77.0999984741211,77.05999755859375,76.22000122070312,2852
2021-12-10,71.37000274658203,71.37000274658203,69.05999755859375,65.69000244140625,899
2021-12-13,68.87999725341797,68.87999725341797,67.5,58.279998779296875,1727
2021-12-14,58.279998779296875,58.279998779296875,58.279998779296875,58.279998779296875,0
2021-12-15,54.150001525878906,54.810001373291016,54.150001525878906,55.36000061035156,654
2021-12-16,67.70999908447266,69.87000274658203,67.68000030517578,56.22999954223633,1150
2021-12-17,51.02000045776367,51.40999984741211,50.36000061035156,53.56999969482422,2029
2021-12-20,45.2599983215332,45.71500015258789,44.165000915527344,46.9900016784668,5926
2021-12-21,52.5099983215332,52.72999954223633,52.5099983215332,49.52000045776367,960
2021-12-22,55.540000915527344,58.22999954223633,55.540000915527344,57.40999984741211,5222
2021-12-23,58.2599983215332,58.58000183105469,58.060001373291016,60.459999084472656,7572
2021-12-27,58.75,58.75,58.75,65.72000122070312,10
2021-12-28,65.72000122070312,65.72000122070312,65.72000122070312,65.72000122070312,0
2021-12-29,61.59000015258789,61.59000015258789,61.59000015258789,58.58000183105469,13
2021-12-30,58.58000183105469,58.58000183105469,58.58000183105469,58.58000183105469,0
2022-01-03,59.689998626708984,59.689998626708984,59.689998626708984,62.70000076293945,40
2022-01-04,63.38999938964844,63.38999938964844,51.83000183105469,51.5099983215332,479
2022-01-05,52.29999923706055,52.29999923706055,52.099998474121094,52.29999923706055,81
2022-01-06,46.20000076293945,46.78499984741211,44.94499969482422,48.92499923706055,738
2022-01-07,50.459999084472656,50.779998779296875,48.95000076293945,45.244998931884766,592
2022-01-10,41.025001525878906,41.19499969482422,39.16999816894531,39.56999969482422,696
2022-01-11,45.96500015258789,46.0,43.70000076293945,46.34000015258789,84
2022-01-12,48.0,48.0,46.775001525878906,46.994998931884766,322
2022-01-13,45.654998779296875,45.654998779296875,42.630001068115234,43.75,907
2022-01-14,39.400001525878906,40.904998779296875,38.244998931884766,41.31999969482422,1836
2022-01-17,41.31999969482422,41.31999969482422,41.31999969482422,41.31999969482422,0
2022-01-18,40.125,40.125,40.125,38.56999969482422,598
2022-01-19,37.845001220703125,37.845001220703125,36.0,34.404998779296875,110
2022-01-20,34.404998779296875,34.404998779296875,34.404998779296875,34.404998779296875,0
2022-01-21,28.959999084472656,29.170000076293945,27.5,31.760000228881836,899
2022-01-24,25.0,25.0,22.549999237060547,21.68000030517578,174
2022-01-25,23.59000015258789,23.635000228881836,23.59000015258789,23.764999389648438,96
2022-01-26,25.0,27.5,25.0,26.229999542236328,99
2022-01-27,26.309999465942383,28.0,23.684999465942383,23.704999923706055,197
2022-01-28,23.415000915527344,23.415000915527344,22.5,23.864999771118164,129
2022-01-31,27.0,28.719999313354492,27.0,28.170000076293945,109
2022-02-01,31.690000534057617,33.279998779296875,30.280000686645508,30.094999313354492,340
2022-02-02,36.0,36.0,31.125,31.639999389648438,490
2022-02-03,31.639999389648438,31.639999389648438,31.639999389648438,31.639999389648438,0
2022-02-04,31.639999389648438,31.639999389648438,31.639999389648438,31.639999389648438,0
2022-02-07,31.639999389648438,31.639999389648438,31.639999389648438,31.639999389648438,0
2022-02-08,30.6299991607666,31.1299991607666,30.6299991607666,30.635000228881836,481
2022-02-09,34.099998474121094,35.650001525878906,33.53499984741211,36.345001220703125,1337
2022-02-10,37.54999923706055,37.54999923706055,37.54999923706055,36.69499969482422,14
2022-02-11,31.34000015258789,31.34000015258789,30.80500030517578,30.645000457763672,571
2022-02-14,30.889999389648438,30.889999389648438,25.0,29.915000915527344,110
2022-02-15,30.8799991607666,34.5,30.8799991607666,34.314998626708984,856
2022-02-16,36.5,36.5,35.654998779296875,34.375,642
2022-02-17,33.400001525878906,33.400001525878906,32.76499938964844,29.2450008392334,440
2022-02-18,28.440000534057617,28.440000534057617,23.395000457763672,24.170000076293945,112
2022-02-21,22.5,22.5,21.559999465942383,22.489999771118164,638
2022-02-22,21.334999084472656,21.334999084472656,21.334999084472656,23.604999542236328,4368
2022-02-23,25.110000610351562,25.71500015258789,24.799999237060547,23.075000762939453,2172
2022-02-24,17.54800033569336,17.54800033569336,17.200000762939453,21.209999084472656,305
2022-02-25,23.80500030517578,25.270000457763672,23.80500030517578,25.920000076293945,150
2022-02-28,25.334999084472656,27.53499984741211,25.334999084472656,27.225000381469727,842
2022-03-01,27.225000381469727,27.225000381469727,27.225000381469727,27.225000381469727,0
2022-03-02,25.165000915527344,25.19499969482422,25.125,25.75,2562
2022-03-03,25.75,25.75,25.75,25.75,0
2022-03-04,23.700000762939453,23.700000762939453,23.530000686645508,22.434999465942383,531
2022-03-07,20.690000534057617,20.690000534057617,19.618000030517578,20.149999618530273,1685
2022-03-08,17.600000381469727,17.600000381469727,17.076000213623047,17.697999954223633,221
2022-03-09,20.0049991607666,20.399999618530273,20.0049991607666,20.690000534057617,305
2022-03-10,20.690000534057617,20.690000534057617,20.690000534057617,20.690000534057617,0
2022-03-11,22.489999771118164,22.489999771118164,22.489999771118164,20.075000762939453,5
2022-03-14,20.075000762939453,20.075000762939453,20.075000762939453,20.075000762939453,0
2022-03-15,20.075000762939453,20.075000762939453,20.075000762939453,20.075000762939453,0
2022-03-16,22.549999237060547,24.989999771118164,22.549999237060547,25.049999237060547,235
2022-03-17,25.049999237060547,25.049999237060547,25.049999237060547,25.049999237060547,0
2022-03-18,26.260000228881836,30.235000610351562,26.2450008392334,30.219999313354492,4229
2022-03-21,31.934999465942383,33.27000045776367,30.235000610351562,32.845001220703125,791
2022-03-22,33.5,33.5,33.5,32.80500030517578,80
2022-03-23,32.80500030517578,32.80500030517578,32.80500030517578,32.80500030517578,0
2022-03-24,30.459999084472656,30.459999084472656,30.110000610351562,36.03499984741211,521
2022-03-25,36.810001373291016,37.5,36.810001373291016,35.375,556
2022-03-28,35.5,36.53499984741211,35.5,35.51499938964844,2556
2022-03-29,38.0,39.685001373291016,38.0,37.53499984741211,170
2022-03-30,37.3849983215332,37.404998779296875,37.3849983215332,35.51499938964844,4412
2022-03-31,35.54999923706055,35.54999923706055,35.54999923706055,36.57500076293945,492
2022-04-01,31.799999237060547,31.829999923706055,31.635000228881836,31.40999984741211,96
2022-04-04,32.0,32.0,32.0,33.69499969482422,30
2022-04-05,33.69499969482422,33.69499969482422,33.69499969482422,33.69499969482422,0
2022-04-06,28.0,28.0,25.024999618530273,23.854999542236328,7320
2022-04-07,24.549999237060547,24.549999237060547,23.344999313354492,22.790000915527344,2363
2022-04-08,22.0,22.0,22.0,20.610000610351562,9
2022-04-11,18.559999465942383,18.559999465942383,16.860000610351562,16.70800018310547,3699
2022-04-12,17.57200050354004,17.57200050354004,17.006000518798828,17.139999389648438,695
2022-04-13,16.780000686645508,17.378000259399414,16.780000686645508,17.5939998626709,66
2022-04-14,16.832000732421875,16.832000732421875,16.832000732421875,16.718000411987305,648
2022-04-19,15.866000175476074,15.866000175476074,15.866000175476074,17.645999908447266,3
2022-04-20,17.645999908447266,17.645999908447266,17.645999908447266,17.645999908447266,0
2022-04-21,17.645999908447266,17.645999908447266,17.645999908447266,17.645999908447266,0
2022-04-22,13.279999732971191,13.279999732971191,12.699999809265137,12.956000328063965,1123
2022-04-25,11.279999732971191,11.279999732971191,10.9399995803833,11.62399959564209,400
2022-04-26,11.62399959564209,11.62399959564209,11.62399959564209,11.62399959564209,0
2022-04-27,10.734000205993652,10.734000205993652,10.0,10.168000221252441,715
2022-04-28,11.074000358581543,11.074000358581543,10.894000053405762,10.887999534606934,198
2022-04-29,11.355999946594238,11.498000144958496,11.338000297546387,11.302000045776367,1515
2022-05-02,10.22599983215332,10.4399995803833,10.22599983215332,10.359999656677246,201
2022-05-03,10.359999656677246,10.359999656677246,10.359999656677246,10.359999656677246,0
2022-05-04,10.359999656677246,10.359999656677246,10.359999656677246,10.359999656677246,0
2022-05-05,10.092000007629395,10.092000007629395,10.092000007629395,9.979000091552734,45
2022-05-06,9.789999961853027,9.789999961853027,9.03600025177002,10.685999870300293,5734
2022-05-09,9.112000465393066,9.112000465393066,8.03600025177002,7.558000087738037,11003
2022-05-10,7.558000087738037,7.860000133514404,7.5,7.241000175476074,274
2022-05-11,7.710000038146973,7.710000038146973,7.710000038146973,7.3460001945495605,60
2022-05-12,6.363999843597412,6.572999954223633,6.363999843597412,6.473999977111816,31
2022-05-13,6.638999938964844,6.659999847412109,6.638999938964844,7.639999866485596,9350
2022-05-16,7.53000020980835,7.614999771118164,7.349999904632568,7.24399995803833,87
2022-05-17,7.651000022888184,8.373000144958496,7.651000022888184,7.993000030517578,251
2022-05-18,7.993000030517578,7.993000030517578,7.993000030517578,7.993000030517578,0
2022-05-19,6.111000061035156,6.949999809265137,6.081999778747559,7.050000190734863,4325
2022-05-20,7.119999885559082,7.119999885559082,6.129000186920166,5.790999889373779,495
2022-05-23,6.599999904632568,6.632999897003174,5.889999866485596,6.116000175476074,575
2022-05-24,5.932000160217285,6.13700008392334,5.769999980926514,5.433000087738037,287
2022-05-25,5.570000171661377,6.098999977111816,5.570000171661377,5.955999851226807,360
2022-05-26,5.380000114440918,6.685999870300293,5.380000114440918,7.015999794006348,3470
2022-05-27,7.427000045776367,8.375,7.421999931335449,8.092000007629395,1085
2022-05-30,8.092000007629395,8.092000007629395,8.092000007629395,8.092000007629395,0
2022-05-31,8.493000030517578,8.493000030517578,8.258999824523926,8.388999938964844,165
2022-06-01,8.503999710083008,8.503999710083008,8.324000358581543,8.22700023651123,418
2022-06-02,8.119000434875488,9.17300033569336,8.119000434875488,9.213000297546387,165
2022-06-03,9.21399974822998,9.21399974822998,8.657999992370605,8.09000015258789,82
2022-06-06,8.720000267028809,8.95199966430664,8.720000267028809,8.402999877929688,74
2022-06-07,7.827000141143799,7.827000141143799,7.827000141143799,8.182000160217285,13
2022-06-08,8.630000114440918,8.630000114440918,8.630000114440918,8.51200008392334,200
2022-06-09,8.305999755859375,8.305999755859375,8.0,8.055000305175781,375
2022-06-10,6.322000026702881,6.322000026702881,6.322000026702881,6.053999900817871,46
2022-06-13,5.5229997634887695,5.5229997634887695,5.172999858856201,4.870500087738037,152
2022-06-14,4.7804999351501465,5.098999977111816,4.7804999351501465,4.869500160217285,1310
2022-06-15,5.059999942779541,5.059999942779541,5.059999942779541,5.254000186920166,100
2022-06-16,5.254000186920166,5.254000186920166,5.254000186920166,5.254000186920166,0
2022-06-17,4.800000190734863,4.800000190734863,4.800000190734863,4.718999862670898,210
2022-06-20,4.873000144958496,4.873000144958496,4.873000144958496,4.951000213623047,9366
2022-06-21,4.951000213623047,4.951000213623047,4.951000213623047,4.951000213623047,0
2022-06-22,4.951000213623047,4.951000213623047,4.951000213623047,4.951000213623047,0
2022-06-23,5.191999912261963,5.191999912261963,5.191999912261963,5.203999996185303,853
2022-06-24,5.478000164031982,5.478000164031982,5.478000164031982,5.695000171661377,9600
2022-06-27,6.2210001945495605,6.2210001945495605,6.216000080108643,5.859000205993652,620
2022-06-28,5.859000205993652,5.859000205993652,5.859000205993652,5.859000205993652,0
2022-06-29,5.859000205993652,5.859000205993652,5.859000205993652,5.859000205993652,0
2022-06-30,4.19950008392334,4.205999851226807,4.0,4.327000141143799,13366
2022-07-01,3.9000000953674316,3.9000000953674316,3.8889999389648438,3.681999921798706,286
2022-07-04,3.681999921798706,3.681999921798706,3.681999921798706,3.681999921798706,0
2022-07-05,3.681999921798706,3.681999921798706,3.681999921798706,3.681999921798706,0
2022-07-06,3.681999921798706,3.681999921798706,3.681999921798706,3.681999921798706,0
2022-07-07,4.340000152587891,4.559000015258789,4.340000152587891,4.520500183105469,184
2022-07-08,4.631999969482422,4.631999969482422,4.631999969482422,4.851500034332275,60
2022-07-11,4.851500034332275,4.851500034332275,4.851500034332275,4.851500034332275,0
2022-07-12,4.025000095367432,4.066500186920166,4.025000095367432,4.205999851226807,1003
2022-07-13,4.181000232696533,4.181000232696533,4.181000232696533,4.127999782562256,12
2022-07-14,4.2170000076293945,4.2170000076293945,4.2170000076293945,3.989000082015991,15
2022-07-15,4.44950008392334,4.555500030517578,4.44950008392334,4.516499996185303,3578
2022-07-18,5.0,5.361999988555908,5.0,5.3379998207092285,530
2022-07-19,5.3379998207092285,5.3379998207092285,5.3379998207092285,5.3379998207092285,0
2022-07-20,5.639999866485596,6.406000137329102,5.639999866485596,6.390999794006348,515
2022-07-21,6.631999969482422,6.631999969482422,6.514999866485596,6.574999809265137,4225
2022-07-22,6.574999809265137,6.574999809265137,6.574999809265137,6.574999809265137,0
2022-07-25,5.922999858856201,6.0,5.922999858856201,5.375999927520752,9470
2022-07-26,5.375999927520752,5.375999927520752,5.375999927520752,5.375999927520752,0
2022-07-27,5.61899995803833,5.61899995803833,5.61899995803833,5.9670000076293945,20
2022-07-28,5.9670000076293945,5.9670000076293945,5.9670000076293945,5.9670000076293945,0
2022-07-29,5.9670000076293945,5.9670000076293945,5.9670000076293945,5.9670000076293945,0
2022-08-01,7.013999938964844,7.139999866485596,7.013999938964844,7.165999889373779,1269
2022-08-02,6.715000152587891,6.715000152587891,6.659999847412109,7.072999954223633,350
2022-08-03,6.835000038146973,7.260000228881836,6.835000038146973,7.132999897003174,1150
2022-08-04,7.5,7.840000152587891,7.5,7.4670000076293945,50
2022-08-05,7.849999904632568,7.849999904632568,7.5,7.289000034332275,598
2022-08-08,7.671000003814697,7.671000003814697,5.877999782562256,5.744999885559082,813
2022-08-09,5.883999824523926,5.883999824523926,5.416999816894531,5.418000221252441,11974
2022-08-10,5.900000095367432,5.900000095367432,5.900000095367432,5.99399995803833,10
2022-08-11,6.35699987411499,6.876999855041504,6.25,6.513000011444092,1968
2022-08-12,6.38700008392334,6.38700008392334,6.38700008392334,6.751999855041504,32
2022-08-16,7.300000190734863,7.420000076293945,7.034999847412109,7.14900016784668,1557
2022-08-17,7.033999919891357,7.033999919891357,6.5970001220703125,6.535999774932861,800
2022-08-18,6.535999774932861,6.535999774932861,6.535999774932861,6.535999774932861,0
2022-08-19,6.235000133514404,6.235000133514404,6.235000133514404,6.23799991607666,200
2022-08-22,5.684999942779541,5.684999942779541,5.572999954223633,5.494999885559082,152
2022-08-23,5.449999809265137,5.591000080108643,5.300000190734863,5.513000011444092,1329
2022-08-24,5.513000011444092,5.513000011444092,5.513000011444092,5.513000011444092,0
2022-08-25,5.0,5.0,4.872000217437744,5.872000217437744,1521
2022-08-26,5.801000118255615,6.0,5.052999973297119,5.099999904632568,1182
2022-08-29,4.293499946594238,4.388999938964844,4.099999904632568,4.104499816894531,432
2022-08-30,4.206500053405762,4.290500164031982,3.753000020980835,3.756999969482422,1158
2022-08-31,3.922499895095825,3.922499895095825,3.5999999046325684,3.4784998893737793,75
2022-09-01,2.8929998874664307,2.950500011444092,2.299999952316284,2.2634999752044678,4576
2022-09-02,2.75,2.7674999237060547,2.56850004196167,2.7139999866485596,12547
2022-09-05,2.562000036239624,2.562000036239624,2.562000036239624,2.577500104904175,10
2022-09-06,2.6459999084472656,2.6505000591278076,2.5999999046325684,2.5299999713897705,360
2022-09-07,2.496999979019165,2.496999979019165,2.496999979019165,2.4820001125335693,400
2022-09-08,2.4820001125335693,2.4820001125335693,2.4820001125335693,2.4820001125335693,0
2022-09-09,2.81850004196167,2.81850004196167,2.81850004196167,2.934999942779541,118
2022-09-12,2.924999952316284,2.9795000553131104,2.924999952316284,2.8935000896453857,750
2022-09-13,2.8935000896453857,2.8935000896453857,2.8935000896453857,2.8935000896453857,0
2022-09-14,2.8935000896453857,2.8935000896453857,2.8935000896453857,2.8935000896453857,0
2022-09-15,2.8935000896453857,2.8935000896453857,2.8935000896453857,2.8935000896453857,0
2022-09-16,2.8935000896453857,2.8935000896453857,2.8935000896453857,2.8935000896453857,0
2022-09-19,2.8935000896453857,2.8935000896453857,2.8935000896453857,2.8935000896453857,0
2022-09-20,2.8935000896453857,2.8935000896453857,2.8935000896453857,2.8935000896453857,0
2022-09-21,2.189500093460083,2.3499999046325684,2.189500093460083,2.373500108718872,752
2022-09-22,2.0490000247955322,2.0490000247955322,1.899999976158142,1.9062000513076782,18360
2022-09-23,1.850000023841858,1.8799999952316284,1.7901999950408936,1.8586000204086304,4517
2022-09-26,1.8913999795913696,1.8913999795913696,1.8913999795913696,1.8361999988555908,29078
2022-09-27,1.9048000574111938,1.9500000476837158,1.9048000574111938,1.9124000072479248,351
2022-09-28,1.9395999908447266,1.9395999908447266,1.9395999908447266,1.975000023841858,30
2022-09-29,1.7100000381469727,1.7100000381469727,1.6770000457763672,1.7075999975204468,3580
2022-09-30,1.881600022315979,1.9002000093460083,1.881600022315979,1.8868000507354736,1150
2022-10-03,1.7289999723434448,1.7289999723434448,1.7289999723434448,1.8680000305175781,320
2022-10-04,2.0,2.010999917984009,2.0,2.0810000896453857,334
2022-10-05,2.0910000801086426,2.0910000801086426,1.902999997138977,1.9420000314712524,1405
2022-10-06,2.131999969482422,2.315000057220459,2.131999969482422,2.2269999980926514,1126
2022-10-07,2.2269999980926514,2.2269999980926514,2.2269999980926514,2.2269999980926514,0
2022-10-10,1.5772000551223755,1.5829999446868896,1.5715999603271484,1.4220000505447388,260
2022-10-11,1.47160005569458,1.47160005569458,1.3944000005722046,1.3930000066757202,2960
2022-10-12,1.4886000156402588,1.4886000156402588,1.4579999446868896,1.4079999923706055,1103
2022-10-13,1.4079999923706055,1.4079999923706055,1.4079999923706055,1.4079999923706055,0
2022-10-14,1.5958000421524048,1.5958000421524048,1.3926000595092773,1.354599952697754,39904
2022-10-17,1.315999984741211,1.3372000455856323,1.315999984741211,1.454800009727478,1120
2022-10-18,1.5770000219345093,1.6217999458312988,1.5499999523162842,1.4019999504089355,1610
2022-10-19,1.4019999504089355,1.4019999504089355,1.4019999504089355,1.4019999504089355,0
2022-10-20,1.6444000005722046,1.7187999486923218,1.6444000005722046,1.7273999452590942,90
2022-10-21,1.7273999452590942,1.7273999452590942,1.7273999452590942,1.7273999452590942,0
2022-10-24,1.639799952507019,1.6532000303268433,1.639799952507019,1.6618000268936157,64792
2022-10-25,1.7446000576019287,1.9500000476837158,1.7446000576019287,1.9678000211715698,1400
2022-10-26,1.8331999778747559,2.0195000171661377,1.8015999794006348,2.0134999752044678,1850
2022-10-27,1.9579999446868896,2.200000047683716,1.9556000232696533,2.0160000324249268,31285
2022-10-28,1.8803999423980713,2.077500104904175,1.8803999423980713,2.1115000247955322,34491
2022-10-31,2.1635000705718994,2.203000068664551,2.1635000705718994,2.0969998836517334,25115
2022-11-01,2.2130000591278076,2.2255001068115234,2.2060000896453857,2.2079999446868896,1310
2022-11-02,2.2009999752044678,2.2360000610351562,2.2009999752044678,2.2130000591278076,100
2022-11-03,1.9701999425888062,2.1454999446868896,1.9701999425888062,2.125,5000
2022-11-04,2.3994998931884766,2.3994998931884766,2.3994998931884766,2.2939999103546143,820
2022-11-07,2.3994998931884766,2.4000000953674316,2.380000114440918,2.368000030517578,2865
2022-11-08,2.572999954223633,2.572999954223633,2.572999954223633,2.6535000801086426,50
2022-11-09,2.549999952316284,2.5959999561309814,2.2709999084472656,2.2265000343322754,25214
2022-11-10,2.1440000534057617,2.5899999141693115,2.0880000591278076,2.7114999294281006,36559
2022-11-11,3.1045000553131104,3.1500000953674316,3.0905001163482666,2.998500108718872,2875
2022-11-14,3.1500000953674316,3.2885000705718994,3.1500000953674316,3.260999917984009,1500
2022-11-15,3.5,3.5764999389648438,3.494499921798706,3.493000030517578,990
2022-11-16,3.493000030517578,3.493000030517578,3.0434999465942383,3.1465001106262207,2140
2022-11-17,3.242000102996826,3.242000102996826,2.928499937057495,3.009500026702881,15930
2022-11-18,2.9639999866485596,2.9860000610351562,2.799999952316284,2.7325000762939453,1320
2022-11-21,2.6670000553131104,2.6730000972747803,2.6670000553131104,2.739500045776367,39626
2022-11-22,2.700000047683716,2.799999952316284,2.700000047683716,2.94950008392334,700
2022-11-23,3.1530001163482666,3.25,3.1530001163482666,3.184000015258789,1435
2022-11-24,3.2795000076293945,3.2829999923706055,3.2795000076293945,3.3355000019073486,40
2022-11-25,3.2815001010894775,3.2815001010894775,3.2815001010894775,3.190999984741211,30
2022-11-28,3.190999984741211,3.190999984741211,3.190999984741211,3.190999984741211,0
2022-11-29,3.190999984741211,3.190999984741211,3.190999984741211,3.190999984741211,0
2022-11-30,2.872499942779541,2.872499942779541,2.872499942779541,2.9005000591278076,35
2022-12-01,3.4054999351501465,3.4619998931884766,3.4054999351501465,3.4649999141693115,230
2022-12-02,3.4535000324249268,3.4535000324249268,3.4535000324249268,3.2864999771118164,20
2022-12-05,3.303999900817871,3.303999900817871,3.303999900817871,3.375,18
2022-12-06,3.375,3.375,3.375,3.375,0
2022-12-07,3.375,3.375,3.375,3.375,0
2022-12-08,3.375,3.375,3.375,3.375,0
2022-12-09,3.375,3.375,3.375,3.375,0
2022-12-12,3.375,3.375,3.375,3.375,0
2022-12-13,4.427999973297119,4.427999973297119,4.427999973297119,4.111000061035156,40
2022-12-14,3.9560000896453857,3.9560000896453857,3.9560000896453857,3.990999937057495,103
2022-12-15,3.990999937057495,3.990999937057495,3.990999937057495,3.990999937057495,0
2022-12-16,3.990999937057495,3.990999937057495,3.990999937057495,3.990999937057495,0
2022-12-19,3.990999937057495,3.990999937057495,3.990999937057495,3.990999937057495,0
2022-12-20,3.990999937057495,3.990999937057495,3.990999937057495,3.990999937057495,0
2022-12-21,3.990999937057495,3.990999937057495,3.990999937057495,3.990999937057495,0
2022-12-22,2.865000009536743,2.865000009536743,2.4000000953674316,2.3550000190734863,350
2022-12-23,2.3984999656677246,2.3984999656677246,2.3984999656677246,2.2874999046325684,170
2022-12-27,2.2874999046325684,2.2874999046325684,2.2874999046325684,2.2874999046325684,0
2022-12-28,1.7372000217437744,1.8300000429153442,1.7372000217437744,1.777400016784668,10098
2022-12-29,1.8453999757766724,1.8453999757766724,1.8453999757766724,1.97160005569458,90
2022-12-30,1.97160005569458,1.97160005569458,1.97160005569458,1.97160005569458,0
2023-01-02,1.97160005569458,1.97160005569458,1.97160005569458,1.97160005569458,0
2023-01-03,1.97160005569458,1.97160005569458,1.97160005569458,1.97160005569458,0
2023-01-04,1.9697999954223633,2.0244998931884766,1.9697999954223633,1.9910000562667847,6000
2023-01-05,1.9910000562667847,1.9910000562667847,1.9910000562667847,1.9910000562667847,0
2023-01-06,1.975600004196167,1.9758000373840332,1.975600004196167,1.9758000373840332,10000
2023-01-09,2.006500005722046,2.5,2.00600004196167,2.5134999752044678,10170
2023-01-10,2.385999917984009,2.385999917984009,2.385999917984009,2.4024999141693115,55
2023-01-11,2.385999917984009,2.385999917984009,2.385999917984009,2.3889999389648438,50
2023-01-12,2.390000104904175,2.390000104904175,2.390000104904175,2.493499994277954,150
2023-01-13,2.7060000896453857,2.799999952316284,2.700000047683716,2.8285000324249268,325
2023-01-16,3.063499927520752,3.063499927520752,2.9124999046325684,2.9684998989105225,1838
2023-01-17,3.2204999923706055,3.2204999923706055,3.2204999923706055,3.172499895095825,35
2023-01-18,3.4014999866485596,3.4014999866485596,3.2335000038146973,3.190500020980835,950
2023-01-19,2.9114999771118164,2.9665000438690186,2.9000000953674316,2.9179999828338623,37980
2023-01-20,2.9000000953674316,3.01200008392334,2.873500108718872,3.0864999294281006,43582
2023-01-23,3.433500051498413,3.9570000171661377,3.433500051498413,3.935499906539917,55003
2023-01-24,4.018499851226807,4.151000022888184,3.9830000400543213,4.185500144958496,695
2023-01-25,4.138500213623047,4.138500213623047,3.937999963760376,3.9375,150
2023-01-26,4.326000213623047,4.65500020980835,4.267499923706055,4.246500015258789,24235
2023-01-27,4.239500045776367,4.71999979019165,4.236999988555908,4.728499889373779,2811
2023-01-30,4.729000091552734,4.729000091552734,4.692500114440918,4.394999980926514,2256
2023-01-31,4.249499797821045,4.249499797821045,4.249499797821045,4.269000053405762,100
2023-02-01,4.32450008392334,4.633999824523926,4.32450008392334,4.620999813079834,240
2023-02-02,4.9375,5.421000003814697,4.9375,5.425000190734863,7609
2023-02-03,5.247000217437744,5.651000022888184,5.247000217437744,5.686999797821045,828
2023-02-06,4.98799991607666,5.418000221252441,4.986999988555908,5.635000228881836,6325
2023-02-07,5.394999980926514,5.394999980926514,5.394999980926514,5.696000099182129,20
2023-02-08,6.247000217437744,6.447000026702881,6.179999828338623,6.197000026702881,5157
2023-02-09,6.419000148773193,6.801000118255615,6.363999843597412,6.706999778747559,3944
2023-02-10,6.191999912261963,6.191999912261963,5.35699987411499,5.396999835968018,4877
2023-02-13,5.482999801635742,5.776000022888184,5.482999801635742,5.84499979019165,141
2023-02-14,5.835000038146973,6.5,5.835000038146973,6.276000022888184,5026
2023-02-15,6.566999912261963,6.566999912261963,6.366000175476074,6.309000015258789,387
2023-02-16,6.333000183105469,6.51200008392334,6.070000171661377,6.0929999351501465,9434
2023-02-17,5.682000160217285,5.690000057220459,5.565000057220459,5.215000152587891,382
2023-02-20,5.215000152587891,5.215000152587891,5.215000152587891,5.215000152587891,0
2023-02-21,5.263000011444092,5.421000003814697,5.263000011444092,5.111000061035156,11
2023-02-22,4.991000175476074,4.991000175476074,4.874000072479248,4.918000221252441,705
2023-02-23,6.051000118255615,7.110000133514404,6.051000118255615,6.750999927520752,13552
2023-02-24,6.750999927520752,6.750999927520752,6.513999938964844,6.630000114440918,463
2023-02-27,6.864999771118164,6.895999908447266,6.804999828338623,6.9710001945495605,880
2023-02-28,6.822000026702881,6.822000026702881,6.822000026702881,6.822999954223633,100
2023-03-01,6.4770002365112305,6.4770002365112305,5.946000099182129,6.019000053405762,2266
2023-03-02,5.947000026702881,5.9679999351501465,5.947000026702881,6.123000144958496,1086
2023-03-03,6.664999961853027,6.732999801635742,6.526000022888184,6.560999870300293,1740
2023-03-06,7.188000202178955,7.314000129699707,6.989999771118164,7.214000225067139,1670
2023-03-07,6.793000221252441,6.988999843597412,6.666999816894531,6.941999912261963,391
2023-03-08,6.822000026702881,6.822000026702881,6.822000026702881,7.066999912261963,15
2023-03-09,7.255000114440918,7.388000011444092,7.230000019073486,7.285999774932861,215
2023-03-10,6.625999927520752,6.625999927520752,6.081999778747559,6.633999824523926,2971
2023-03-13,6.281000137329102,6.281000137329102,6.123000144958496,6.123000144958496,1620
2023-03-14,7.039000034332275,7.109000205993652,7.039000034332275,7.068999767303467,1700
2023-03-15,7.079999923706055,7.079999923706055,6.550000190734863,6.611000061035156,1300
2023-03-16,6.611000061035156,6.611000061035156,6.611000061035156,6.611000061035156,0
2023-03-17,8.916000366210938,9.222000122070312,8.588000297546387,8.75100040435791,23242
2023-03-20,8.454000473022461,8.6850004196167,8.345999717712402,8.529999732971191,913
2023-03-21,8.9399995803833,9.253999710083008,8.359999656677246,8.456999778747559,3310
2023-03-22,9.166999816894531,9.85200023651123,9.059000015258789,9.710000038146973,2184
2023-03-23,9.85200023651123,10.144000053405762,9.720000267028809,10.093999862670898,10726
2023-03-24,10.220000267028809,10.220000267028809,9.411999702453613,9.227999687194824,2108
2023-03-27,9.66100025177002,9.71399974822998,9.602999687194824,9.352999687194824,261
2023-03-28,9.413999557495117,9.597000122070312,8.611000061035156,8.883999824523926,1616
2023-03-29,9.684000015258789,9.684000015258789,9.352999687194824,9.51099967956543,925
2023-03-30,9.774999618530273,10.074000358581543,9.774999618530273,10.017999649047852,1866
2023-03-31,9.836999893188477,9.836999893188477,9.836999893188477,10.100000381469727,11
2023-04-03,10.241999626159668,10.5,10.168000221252441,10.25,1980
2023-04-04,10.67199993133545,10.779999732971191,10.5,10.1899995803833,958
2023-04-05,9.802000045776367,10.45199966430664,9.031999588012695,9.128000259399414,7347
2023-04-06,9.069999694824219,9.449999809265137,9.069999694824219,9.39799976348877,206
2023-04-11,10.039999961853027,10.362000465393066,10.039999961853027,9.793999671936035,1120
2023-04-12,9.715999603271484,9.715999603271484,9.081999778747559,9.145000457763672,812
2023-04-13,8.97599983215332,8.97599983215332,8.720000267028809,8.937000274658203,634
2023-04-14,8.61400032043457,8.687999725341797,8.61299991607666,9.027999877929688,2900
2023-04-17,9.279000282287598,9.279999732971191,8.951000213623047,9.130999565124512,800
2023-04-18,9.550000190734863,10.142000198364258,9.550000190734863,10.326000213623047,17804
2023-04-19,9.824000358581543,10.187999725341797,9.779999732971191,10.170000076293945,939
2023-04-20,10.088000297546387,10.161999702453613,10.052000045776367,10.027999877929688,610
2023-04-21,9.298999786376953,9.336000442504883,9.25,9.394000053405762,1240
2023-04-24,9.394000053405762,9.394000053405762,9.394000053405762,9.394000053405762,0
2023-04-25,8.819999694824219,8.819999694824219,8.819999694824219,8.994999885559082,50
2023-04-26,9.152000427246094,9.350000381469727,8.979000091552734,9.39799976348877,6120
2023-04-27,9.814000129699707,9.814000129699707,9.218000411987305,9.109999656677246,830
2023-04-28,9.255999565124512,9.73799991607666,9.255999565124512,9.555000305175781,356
2023-05-02,11.312000274658203,11.312000274658203,10.390000343322754,10.465999603271484,5596
2023-05-03,10.14799976348877,10.157999992370605,10.0,9.904999732971191,1094
2023-05-04,9.82800006866455,9.82800006866455,9.82800006866455,9.786999702453613,100
2023-05-05,9.855999946594238,10.682000160217285,9.788000106811523,10.597999572753906,76
2023-05-08,10.862000465393066,10.862000465393066,10.6899995803833,10.95199966430664,628
2023-05-09,11.288000106811523,11.288000106811523,10.800000190734863,10.739999771118164,115
2023-05-10,10.739999771118164,10.739999771118164,10.739999771118164,10.739999771118164,0
2023-05-11,11.253999710083008,11.333999633789062,11.156000137329102,10.79800033569336,4795
2023-05-12,10.79800033569336,10.79800033569336,10.79800033569336,10.79800033569336,0
2023-05-15,10.79800033569336,10.79800033569336,10.79800033569336,10.79800033569336,0
2023-05-16,11.588000297546387,11.916000366210938,11.588000297546387,11.878000259399414,5027
2023-05-17,11.656000137329102,12.22599983215332,11.656000137329102,12.166000366210938,791
2023-05-18,13.0,14.005999565124512,12.906000137329102,14.538000106811523,2440
2023-05-19,14.59000015258789,14.821999549865723,14.039999961853027,13.890000343322754,1303
2023-05-22,14.305999755859375,14.305999755859375,13.496000289916992,14.140000343322754,6912
2023-05-23,13.76200008392334,13.76200008392334,13.692000389099121,13.746000289916992,4169
2023-05-24,12.961999893188477,12.961999893188477,12.449999809265137,12.465999603271484,1372
2023-05-25,22.03499984741211,24.985000610351562,19.52199935913086,24.075000762939453,6469
2023-05-26,23.190000534057617,23.875,22.079999923706055,23.559999465942383,10020
2023-05-29,24.565000534057617,26.364999771118164,24.565000534057617,25.43000030517578,1933
2023-05-30,24.825000762939453,29.84000015258789,24.825000762939453,28.56999969482422,3682
2023-05-31,25.184999465942383,26.06999969482422,24.280000686645508,24.114999771118164,3128
2023-06-01,21.899999618530273,24.274999618530273,19.667999267578125,24.114999771118164,4809
2023-06-02,26.5049991607666,26.80500030517578,24.5049991607666,25.40999984741211,1403
2023-06-05,24.405000686645508,24.790000915527344,23.649999618530273,24.649999618530273,145
2023-06-06,24.565000534057617,24.565000534057617,23.885000228881836,23.700000762939453,1310
2023-06-07,24.610000610351562,24.610000610351562,22.844999313354492,23.315000534057617,210
2023-06-08,21.325000762939453,22.0,20.8700008392334,22.825000762939453,1156
2023-06-09,23.899999618530273,24.690000534057617,23.655000686645508,23.84000015258789,1221
2023-06-12,23.719999313354492,24.28499984741211,23.530000686645508,23.5049991607666,123
2023-06-13,25.485000610351562,25.7450008392334,24.959999084472656,26.809999465942383,348
2023-06-14,27.729999542236328,29.475000381469727,26.75,29.3799991607666,1865
2023-06-15,31.100000381469727,31.100000381469727,29.329999923706055,30.46500015258789,1208
2023-06-16,30.415000915527344,32.084999084472656,30.415000915527344,31.21500015258789,2281
2023-06-19,31.114999771118164,31.114999771118164,29.209999084472656,30.149999618530273,1940
2023-06-20,29.270000457763672,31.18000030517578,28.96500015258789,30.864999771118164,876
2023-06-21,32.439998626708984,32.75,29.200000762939453,29.670000076293945,1882
2023-06-22,29.049999237060547,31.104999542236328,29.049999237060547,30.7450008392334,1707
2023-06-23,30.3799991607666,30.3799991607666,28.829999923706055,29.03499984741211,195
2023-06-26,28.825000762939453,29.709999084472656,28.825000762939453,27.30500030517578,84
2023-06-27,26.1299991607666,26.924999237060547,25.225000381469727,26.360000610351562,1501
2023-06-28,25.639999389648438,27.600000381469727,24.389999389648438,27.184999465942383,474
2023-06-29,26.719999313354492,27.155000686645508,26.69499969482422,26.799999237060547,131
2023-06-30,27.170000076293945,28.795000076293945,26.885000228881836,28.69499969482422,242
2023-07-03,30.1299991607666,30.200000762939453,29.0049991607666,29.25,4843
2023-07-04,28.959999084472656,29.209999084472656,28.799999237060547,29.139999389648438,128
2023-07-05,28.780000686645508,30.270000457763672,28.770000457763672,29.329999923706055,112
2023-07-06,28.024999618530273,28.43000030517578,27.0,27.530000686645508,356
2023-07-07,27.9950008392334,29.764999389648438,27.9950008392334,29.55500030517578,1033
2023-07-10,28.649999618530273,29.424999237060547,28.0,27.940000534057617,2173
2023-07-11,28.549999237060547,29.395000457763672,28.549999237060547,28.424999237060547,47
2023-07-12,29.450000762939453,31.0,28.68000030517578,30.53499984741211,548
2023-07-13,32.0,33.165000915527344,31.8799991607666,33.07500076293945,2589
2023-07-14,36.38999938964844,39.81999969482422,35.81999969482422,37.97999954223633,2499
2023-07-17,35.84000015258789,36.2599983215332,33.974998474121094,34.56999969482422,4533
2023-07-18,36.915000915527344,37.290000915527344,35.01499938964844,35.35499954223633,2770
2023-07-19,39.0,39.20000076293945,37.54499816894531,38.810001373291016,1713
2023-07-20,36.45500183105469,37.005001068115234,34.779998779296875,35.70500183105469,709
2023-07-21,33.915000915527344,35.474998474121094,32.314998626708984,32.93000030517578,1776
2023-07-24,32.2599983215332,32.630001068115234,31.4950008392334,33.040000915527344,912
2023-07-25,32.95000076293945,35.10499954223633,32.95000076293945,34.80500030517578,1262
2023-07-26,34.72999954223633,34.7400016784668,32.415000915527344,33.025001525878906,215
2023-07-27,35.5,37.790000915527344,35.5,37.595001220703125,958
2023-07-28,36.8650016784668,37.005001068115234,36.8650016784668,37.474998474121094,148
2023-07-31,37.09000015258789,37.55500030517578,36.8849983215332,37.060001373291016,421
2023-08-01,37.400001525878906,37.400001525878906,36.11000061035156,36.94499969482422,559
2023-08-02,34.41999816894531,35.36000061035156,31.915000915527344,31.735000610351562,1329
2023-08-03,31.135000228881836,32.97999954223633,30.1200008392334,32.79999923706055,613
2023-08-04,32.709999084472656,34.220001220703125,31.799999237060547,33.2400016784668,130
2023-08-07,33.345001220703125,33.345001220703125,33.02000045776367,32.78499984741211,18
2023-08-08,32.54999923706055,32.54999923706055,32.209999084472656,32.724998474121094,182
2023-08-09,32.95500183105469,33.01499938964844,27.299999237060547,27.334999084472656,3488
2023-08-10,28.0,28.729999542236328,26.799999237060547,27.329999923706055,6093
2023-08-11,25.959999084472656,25.959999084472656,24.665000915527344,24.364999771118164,777
2023-08-14,24.25,24.25,23.575000762939453,27.725000381469727,174
2023-08-16,30.209999084472656,30.985000610351562,30.209999084472656,30.260000228881836,1986
2023-08-17,29.850000381469727,29.850000381469727,28.9950008392334,28.81999969482422,250
2023-08-18,28.96500015258789,28.96500015258789,25.940000534057617,26.875,78
2023-08-21,29.174999237060547,33.07500076293945,29.174999237060547,32.34000015258789,5750
2023-08-22,36.93000030517578,38.314998626708984,32.959999084472656,33.52000045776367,15906
2023-08-23,34.404998779296875,35.1150016784668,32.0099983215332,34.880001068115234,4225
2023-08-24,44.775001525878906,45.779998779296875,37.0,37.92499923706055,6513
2023-08-25,36.11000061035156,38.10499954223633,32.64500045776367,33.224998474121094,11788
2023-08-28,35.0,35.0,32.099998474121094,33.30500030517578,1100
2023-08-29,34.650001525878906,38.994998931884766,34.470001220703125,38.779998779296875,1149
2023-08-30,39.61000061035156,41.86000061035156,38.42499923706055,41.01499938964844,6331
2023-08-31,40.85499954223633,41.58000183105469,40.23500061035156,41.5099983215332,2351
2023-09-01,40.915000915527344,41.220001220703125,38.42499923706055,38.849998474121094,588
2023-09-04,40.435001373291016,40.56999969482422,39.904998779296875,39.84000015258789,325
2023-09-05,38.46500015258789,39.79499816894531,37.89500045776367,39.150001525878906,1104
2023-09-06,40.084999084472656,40.084999084472656,34.625,35.45500183105469,1328
2023-09-07,35.35499954223633,35.35499954223633,31.829999923706055,32.52000045776367,2536
2023-09-08,34.154998779296875,34.154998779296875,32.349998474121094,32.60499954223633,283
2023-09-11,33.7400016784668,33.7400016784668,29.55500030517578,30.565000534057617,1084
2023-09-12,31.684999465942383,32.709999084472656,30.565000534057617,31.56999969482422,1269
2023-09-13,30.889999389648438,32.099998474121094,30.469999313354492,32.279998779296875,553
2023-09-14,32.44499969482422,33.38999938964844,32.44499969482422,32.82500076293945,2254
2023-09-15,32.025001525878906,32.36000061035156,29.905000686645508,29.530000686645508,1508
2023-09-18,29.864999771118164,29.8700008392334,26.559999465942383,28.295000076293945,2100
2023-09-19,28.1200008392334,28.1200008392334,27.5,27.440000534057617,296
2023-09-20,26.905000686645508,27.829999923706055,26.905000686645508,27.514999389648438,180
2023-09-21,25.0,25.260000228881836,23.799999237060547,24.075000762939453,3025
2023-09-22,24.479999542236328,24.479999542236328,23.799999237060547,25.040000915527344,901
2023-09-25,24.450000762939453,25.65999984741211,23.600000381469727,25.665000915527344,171
2023-09-26,25.895000457763672,25.895000457763672,25.5049991607666,25.385000228881836,27
2023-09-27,25.34000015258789,25.34000015258789,25.34000015258789,25.7450008392334,50
2023-09-28,26.770000457763672,26.899999618530273,26.020000457763672,26.825000762939453,620
2023-09-29,28.18000030517578,28.799999237060547,27.329999923706055,28.459999084472656,5238
2023-10-02,28.844999313354492,30.989999771118164,28.350000381469727,31.219999313354492,4657
2023-10-03,31.200000762939453,31.200000762939453,28.600000381469727,28.809999465942383,4716
2023-10-04,26.790000915527344,28.719999313354492,26.790000915527344,28.549999237060547,1175
2023-10-05,28.53499984741211,29.270000457763672,28.53499984741211,29.274999618530273,1040
2023-10-06,29.84000015258789,30.450000762939453,29.0,30.575000762939453,4299
2023-10-09,30.045000076293945,30.299999237060547,30.040000915527344,29.549999237060547,440
2023-10-10,31.235000610351562,32.474998474121094,30.735000610351562,32.6150016784668,1769
2023-10-11,32.439998626708984,33.165000915527344,32.2599983215332,33.33000183105469,856
2023-10-12,34.0,35.70000076293945,33.29999923706055,35.16999816894531,1140
2023-10-13,34.0,34.70000076293945,33.91999816894531,32.845001220703125,3168
2023-10-16,32.744998931884766,32.744998931884766,29.799999237060547,32.415000915527344,427
2023-10-17,32.720001220703125,32.720001220703125,25.954999923706055,28.399999618530273,1378
2023-10-18,26.424999237060547,26.9950008392334,24.850000381469727,24.9950008392334,3044
2023-10-19,24.6200008392334,25.815000534057617,24.614999771118164,25.530000686645508,1486
2023-10-20,23.920000076293945,24.565000534057617,23.875,22.8799991607666,7912
2023-10-23,23.200000762939453,25.059999465942383,22.0049991607666,24.934999465942383,1394
2023-10-24,26.485000610351562,27.03499984741211,26.020000457763672,25.834999084472656,635
2023-10-25,26.190000534057617,26.485000610351562,25.96500015258789,25.565000534057617,202
2023-10-26,21.815000534057617,23.010000228881836,21.270000457763672,21.315000534057617,3103
2023-10-27,22.079999923706055,22.200000762939453,21.895000457763672,21.96500015258789,455
2023-10-30,22.049999237060547,22.149999618530273,22.049999237060547,21.5,340
2023-10-31,19.5,20.594999313354492,19.5,20.704999923706055,549
2023-11-01,21.100000381469727,23.290000915527344,21.100000381469727,23.200000762939453,108
2023-11-02,25.21500015258789,25.719999313354492,25.21500015258789,25.420000076293945,330
2023-11-03,25.719999313354492,27.639999389648438,25.719999313354492,27.985000610351562,227
2023-11-06,28.690000534057617,29.5,28.690000534057617,29.59000015258789,5091
2023-11-07,29.3799991607666,30.44499969482422,29.229999542236328,30.530000686645508,47
2023-11-08,30.200000762939453,31.329999923706055,30.200000762939453,31.05500030517578,95
2023-11-09,32.06999969482422,34.21500015258789,32.0,33.90999984741211,4157
2023-11-10,32.209999084472656,34.48500061035156,31.420000076293945,34.0,5271
2023-11-13,34.70000076293945,36.404998779296875,34.70000076293945,36.275001525878906,1784
2023-11-14,36.400001525878906,38.02000045776367,36.20000076293945,37.209999084472656,1320
2023-11-15,37.92499923706055,38.599998474121094,35.5099983215332,36.4900016784668,2873
2023-11-16,36.369998931884766,36.369998931884766,34.275001525878906,35.2599983215332,2715
2023-11-17,37.505001068115234,37.6150016784668,36.435001373291016,36.435001373291016,1454
2023-11-20,35.79999923706055,37.2599983215332,35.79999923706055,36.970001220703125,916
2023-11-21,39.470001220703125,39.494998931884766,36.400001525878906,36.915000915527344,5859
2023-11-22,35.689998626708984,39.27000045776367,33.400001525878906,33.84000015258789,7252
2023-11-23,35.0,35.95000076293945,34.724998474121094,34.724998474121094,1595
2023-11-24,33.84000015258789,34.275001525878906,32.36000061035156,33.45000076293945,623
2023-11-27,32.165000915527344,33.60499954223633,32.09000015258789,33.025001525878906,679
2023-11-28,33.6150016784668,33.86000061035156,33.029998779296875,32.915000915527344,455
2023-11-29,33.459999084472656,34.16999816894531,32.619998931884766,32.880001068115234,1487
2023-11-30,33.529998779296875,33.814998626708984,30.479999542236328,30.420000076293945,420
2023-12-01,31.0,31.100000381469727,29.84000015258789,30.795000076293945,505
2023-12-04,29.655000686645508,30.575000762939453,27.575000762939453,27.81999969482422,1407
2023-12-05,26.104999542236328,29.975000381469727,26.104999542236328,29.329999923706055,2382
2023-12-06,31.28499984741211,31.389999389648438,29.764999389648438,29.764999389648438,2674
2023-12-07,28.489999771118164,29.795000076293945,28.0,29.424999237060547,5424
2023-12-08,31.020000457763672,32.185001373291016,30.0,32.224998474121094,1433
2023-12-11,31.69499969482422,32.650001525878906,29.299999237060547,29.094999313354492,2657
2023-12-12,30.670000076293945,30.899999618530273,29.25,31.045000076293945,1075
2023-12-13,32.0,33.79999923706055,31.780000686645508,33.415000915527344,2844
2023-12-14,33.380001068115234,33.720001220703125,32.459999084472656,32.6349983215332,2915
2023-12-15,33.29999923706055,35.0,32.79999923706055,34.7599983215332,877
2023-12-18,34.25,36.08000183105469,34.25,36.09000015258789,1563
2023-12-19,36.970001220703125,36.97999954223633,34.69499969482422,34.404998779296875,985
2023-12-20,34.20000076293945,35.54999923706055,34.20000076293945,35.85499954223633,206
2023-12-21,33.6150016784668,33.83000183105469,33.08000183105469,33.32500076293945,2057
2023-12-22,33.04999923706055,34.03499984741211,33.04999923706055,33.89500045776367,3224
2023-12-27,34.755001068115234,34.755001068115234,33.63999938964844,34.10499954223633,1881
2023-12-28,34.39500045776367,35.119998931884766,34.39500045776367,34.8650016784668,507
2023-12-29,34.95000076293945,35.099998474121094,33.099998474121094,33.14500045776367,3152
2024-01-02,34.45000076293945,34.45000076293945,31.329999923706055,31.940000534057617,2384
2024-01-03,31.729999542236328,31.875,30.295000076293945,31.260000228881836,1210
2024-01-04,31.399999618530273,31.399999618530273,31.399999618530273,32.244998931884766,50
2024-01-05,32.42499923706055,32.849998474121094,31.200000762939453,34.345001220703125,483
2024-01-08,33.900001525878906,38.68000030517578,33.3650016784668,38.18000030517578,8486
2024-01-09,40.5,40.900001525878906,39.16999816894531,41.779998779296875,5018
2024-01-10,42.52000045776367,45.599998474121094,42.52000045776367,45.005001068115234,6185
2024-01-11,46.89500045776367,47.099998474121094,44.0,43.85499954223633,3589
2024-01-12,45.61000061035156,46.279998779296875,45.084999084472656,45.96500015258789,821
2024-01-15,46.86000061035156,47.29999923706055,46.86000061035156,47.224998474121094,404
2024-01-16,44.40999984741211,51.290000915527344,44.40999984741211,50.97999954223633,2468
2024-01-17,50.970001220703125,51.5,46.775001525878906,49.2599983215332,3213
2024-01-18,51.9900016784668,53.220001220703125,51.2400016784668,53.540000915527344,2967
2024-01-19,54.93000030517578,55.29999923706055,53.290000915527344,55.25,1706
2024-01-22,60.91999816894531,62.459999084472656,57.970001220703125,59.900001525878906,8049
2024-01-23,59.86000061035156,60.060001373291016,57.040000915527344,58.91999816894531,725
2024-01-24,62.58000183105469,66.25,60.72999954223633,65.06999969482422,3113
2024-01-25,66.06999969482422,68.72000122070312,65.44999694824219,67.80999755859375,2621
2024-01-26,63.029998779296875,65.83000183105469,60.529998779296875,64.48999786376953,1606
2024-01-29,62.61000061035156,66.37000274658203,62.61000061035156,65.04000091552734,1172
2024-01-30,70.0,70.5,69.44999694824219,69.77999877929688,1868
2024-01-31,67.29000091552734,67.29000091552734,62.130001068115234,63.65999984741211,2586
2024-02-01,67.30000305175781,67.5199966430664,67.04000091552734,65.93000030517578,59
2024-02-02,72.5199966430664,77.80999755859375,71.61000061035156,77.5999984741211,3417
2024-02-05,82.44000244140625,91.48999786376953,81.55999755859375,88.62000274658203,4887
2024-02-06,98.31999969482422,99.47000122070312,85.0,86.26000213623047,4219
2024-02-07,84.83000183105469,92.27999877929688,84.01000213623047,89.80999755859375,2542
2024-02-08,99.80000305175781,99.80000305175781,92.22000122070312,95.5999984741211,2587
2024-02-09,93.66000366210938,100.83000183105469,93.29000091552734,99.19999694824219,2346
2024-02-12,102.43000030517578,110.87999725341797,102.26000213623047,110.45999908447266,2952
2024-02-13,104.87000274658203,107.47000122070312,90.58999633789062,106.9000015258789,6009
2024-02-14,106.16999816894531,112.0,102.31999969482422,104.56999969482422,1716
2024-02-15,113.05000305175781,113.0999984741211,103.93000030517578,106.30000305175781,4420
2024-02-16,108.33999633789062,110.80000305175781,101.7699966430664,109.66000366210938,2504
2024-02-19,106.51000213623047,106.68000030517578,103.62000274658203,106.11000061035156,1054
2024-02-20,104.33999633789062,105.0,84.19999694824219,85.87000274658203,4377
2024-02-21,85.25,87.13999938964844,83.6500015258789,84.4000015258789,2865
2024-02-22,111.83999633789062,120.79000091552734,108.0,118.9800033569336,9502
2024-02-23,128.97000122070312,139.1699981689453,119.56999969482422,125.25,4865
2024-02-26,123.9000015258789,130.3699951171875,121.80999755859375,127.68000030517578,2836
2024-02-27,124.43000030517578,126.30000305175781,116.80000305175781,122.08999633789062,730
2024-02-28,121.5,122.02999877929688,115.3499984741211,120.33999633789062,1731
2024-02-29,116.56999969482422,128.02000427246094,115.01000213623047,124.20999908447266,1264
2024-03-01,129.05999755859375,137.07000732421875,125.76000213623047,137.07000732421875,1811
2024-03-04,143.75999450683594,155.74000549316406,137.4199981689453,153.91000366210938,3482
2024-03-05,159.36000061035156,160.89999389648438,142.5,150.61000061035156,3728
2024-03-06,160.0,171.64999389648438,160.0,168.55999755859375,3403
2024-03-07,173.16000366210938,190.22000122070312,171.00999450683594,189.6300048828125,2934
2024-03-08,212.47000122070312,221.10000610351562,174.6199951171875,174.6199951171875,5844
2024-03-11,154.0,174.33999633789062,147.49000549316406,159.02999877929688,7582
2024-03-12,162.52000427246094,181.17999267578125,155.6199951171875,177.52999877929688,4697
2024-03-13,192.05999755859375,194.99000549316406,164.52000427246094,167.0,3599
2024-03-14,181.0,181.25999450683594,156.0,159.50999450683594,4155
2024-03-15,155.3800048828125,169.14999389648438,154.0,165.47000122070312,2542
2024-03-18,172.25,183.9199981689453,161.00999450683594,164.58999633789062,4980
2024-03-19,162.8000030517578,165.10000610351562,145.5,164.77000427246094,4318
2024-03-20,167.60000610351562,174.0,162.75,164.25999450683594,2185
2024-03-21,181.64999389648438,187.0,175.27999877929688,186.0800018310547,4550
2024-03-22,183.99000549316406,200.00999450683594,179.3800048828125,197.0,3684
2024-03-25,201.0,213.67999267578125,190.17999267578125,202.91000366210938,4682
2024-03-26,206.75999450683594,210.10000610351562,196.47000122070312,198.6300048828125,2198
2024-03-27,191.3699951171875,194.4499969482422,166.52000427246094,173.3800048828125,6522
2024-03-28,175.3000030517578,178.89999389648438,167.8800048828125,175.3300018310547,3469
2024-04-02,184.30999755859375,184.30999755859375,159.0,167.6199951171875,978
2024-04-03,162.02999877929688,173.8000030517578,161.75999450683594,172.22000122070312,1276
2024-04-04,168.7100067138672,173.5500030517578,166.0500030517578,167.0500030517578,1178
2024-04-05,153.5399932861328,158.0500030517578,148.8000030517578,156.58999633789062,1361
2024-04-08,159.0,162.77999877929688,154.0,156.3000030517578,649
2024-04-09,151.99000549316406,153.85000610351562,131.8800048828125,136.58999633789062,1448
2024-04-10,144.24000549316406,154.0,135.6199951171875,153.74000549316406,1685
2024-04-11,155.92999267578125,164.27999877929688,150.75999450683594,163.0500030517578,1291
2024-04-12,174.77000427246094,174.99000549316406,161.5,166.22000122070312,1346
2024-04-15,163.2100067138672,170.0,161.02000427246094,162.52999877929688,875
2024-04-16,146.74000549316406,156.49000549316406,143.0,155.57000732421875,2281
2024-04-17,155.14999389648438,160.58999633789062,146.0,149.07000732421875,635
2024-04-18,145.22999572753906,146.05999755859375,132.80999755859375,144.3000030517578,903
2024-04-19,136.0,140.00999450683594,124.87999725341797,125.55999755859375,1006
2024-04-22,104.80999755859375,111.45999908447266,99.33000183105469,105.86000061035156,5565
2024-04-23,108.55000305175781,123.0199966430664,108.55000305175781,123.0199966430664,1432
2024-04-24,134.92999267578125,134.92999267578125,119.80000305175781,120.19000244140625,1879
2024-04-25,105.33999633789062,120.19000244140625,101.75,117.6500015258789,1491
2024-04-26,133.42999267578125,143.75999450683594,125.61000061035156,141.3000030517578,2447
2024-04-29,152.69000244140625,155.05999755859375,134.61000061035156,138.72000122070312,2805
2024-04-30,142.6300048828125,148.16000366210938,139.22000122070312,143.0800018310547,1243
2024-05-02,129.97999572753906,132.99000549316406,124.0,128.63999938964844,963
2024-05-03,136.3699951171875,146.99000549316406,134.00999450683594,142.99000549316406,928
2024-05-06,146.99000549316406,160.58999633789062,145.92999267578125,160.58999633789062,1273
2024-05-07,157.92999267578125,160.0,147.19000244140625,153.5399932861328,1912
2024-05-08,155.27000427246094,157.7899932861328,148.33999633789062,151.13999938964844,1893
2024-05-09,153.72000122070312,154.72999572753906,143.27000427246094,148.50999450683594,1041
2024-05-10,148.9199981689453,155.17999267578125,146.63999938964844,150.0399932861328,1050
2024-05-13,152.27999877929688,154.77999877929688,146.0,150.13999938964844,401
2024-05-14,150.7899932861328,153.0,146.0,155.22000122070312,318
2024-05-15,157.33999633789062,171.0,154.24000549316406,169.88999938964844,1715
2024-05-16,173.5800018310547,178.47999572753906,171.92999267578125,176.3699951171875,1556
2024-05-17,170.22999572753906,172.39999389648438,164.35000610351562,166.22999572753906,986
2024-05-20,165.2899932861328,174.0,163.5,171.63999938964844,675
2024-05-21,179.13999938964844,179.64999389648438,163.3300018310547,173.1199951171875,1755
2024-05-22,175.13999938964844,178.7899932861328,169.97000122070312,173.75999450683594,1006
2024-05-23,202.2100067138672,226.39999389648438,201.88999938964844,226.39999389648438,9835
2024-05-24,218.77000427246094,229.30999755859375,213.25,225.63999938964844,3434
2024-05-27,248.0,264.1300048828125,234.35000610351562,251.0,1239
2024-05-28,260.0,275.0,249.47000122070312,274.5,3307
2024-05-29,304.04998779296875,304.6499938964844,263.82000732421875,284.8800048828125,4215
2024-05-30,282.239990234375,300.0,277.0199890136719,280.5899963378906,1318
2024-05-31,261.010009765625,279.9599914550781,245.88999938964844,249.63999938964844,3221
2024-06-03,261.2900085449219,287.6700134277344,261.2900085449219,277.3599853515625,1897
2024-06-04,294.0,297.0,279.20001220703125,285.1300048828125,1285
2024-06-05,297.0,327.7099914550781,296.42999267578125,326.3800048828125,2754
2024-06-06,349.2900085449219,370.989990234375,311.0899963378906,330.6499938964844,3970
2024-06-07,328.04998779296875,341.239990234375,309.7799987792969,319.8299865722656,1295
2024-06-10,42.02000045776367,43.0,38.88999938964844,319.8299865722656,1466
2024-06-11,43.814998626708984,44.5,41.5,42.13999938964844,2444
2024-06-12,40.869998931884766,47.900001525878906,40.869998931884766,46.56999969482422,6995
2024-06-13,49.119998931884766,51.25,48.494998931884766,49.654998779296875,12277
2024-06-14,52.0,55.84000015258789,50.72999954223633,53.09000015258789,5322
2024-06-17,56.0,56.34000015258789,51.380001068115234,53.34000015258789,9860
2024-06-18,53.63999938964844,56.2400016784668,53.0,55.849998474121094,5644
2024-06-19,59.59000015258789,65.55999755859375,58.15999984741211,62.18000030517578,13094
2024-06-20,67.0,68.3499984741211,60.029998779296875,63.119998931884766,15628
2024-06-21,53.869998931884766,54.5,45.0,49.834999084472656,18320
2024-06-24,48.15999984741211,48.20500183105469,38.86000061035156,39.974998474121094,20439
2024-06-25,36.775001525878906,44.0,34.47999954223633,44.0,28337
2024-06-26,49.10499954223633,49.97999954223633,41.86000061035156,42.78499984741211,16952
2024-06-27,43.41999816894531,45.099998474121094,42.89500045776367,42.755001068115234,6692
2024-06-28,43.75,47.314998626708984,43.60499954223633,45.32500076293945,6642
2024-07-01,43.404998779296875,43.46500015258789,38.0,43.150001525878906,8569
2024-07-02,42.5099983215332,42.5099983215332,40.0,40.60499954223633,4244
2024-07-03,40.540000915527344,44.625,39.400001525878906,44.29499816894531,5032
2024-07-04,46.70000076293945,47.13999938964844,45.29999923706055,45.665000915527344,3535
2024-07-05,46.55500030517578,47.5,44.06999969482422,45.290000915527344,6459
2024-07-08,43.57500076293945,48.900001525878906,42.834999084472656,46.790000915527344,6611
2024-07-09,47.77000045776367,52.439998626708984,46.94499969482422,49.92499923706055,7354
2024-07-10,50.0,53.0,50.0,52.709999084472656,8315
2024-07-11,54.59000015258789,56.0,45.58000183105469,45.58000183105469,15808
2024-07-12,44.244998931884766,48.26499938964844,43.869998931884766,47.78499984741211,9683
2024-07-15,47.78499984741211,48.400001525878906,45.275001525878906,46.880001068115234,3601
2024-07-16,45.709999084472656,46.02000045776367,41.83000183105469,43.5,3238
2024-07-17,41.53499984741211,41.53499984741211,35.0,36.375,17087
2024-07-18,38.415000915527344,39.09000015258789,33.5,34.42499923706055,8827
2024-07-19,37.189998626708984,37.83000183105469,35.29999923706055,35.869998931884766,4328
2024-07-22,35.42499923706055,39.17499923706055,35.42499923706055,36.665000915527344,10520
2024-07-23,38.96500015258789,40.60499954223633,37.63999938964844,40.029998779296875,5136
2024-07-24,36.32500076293945,36.88999938964844,33.91999816894531,34.42499923706055,3413
2024-07-25,32.70000076293945,32.70000076293945,24.344999313354492,30.985000610351562,27375
2024-07-26,29.815000534057617,32.275001525878906,29.139999389648438,29.75,20788
2024-07-29,30.80500030517578,32.35499954223633,28.895000457763672,28.895000457763672,3053
2024-07-30,28.5,28.96500015258789,23.125,23.825000762939453,8171
2024-07-31,27.190000534057617,30.459999084472656,25.90999984741211,30.459999084472656,22805
2024-08-01,35.70000076293945,35.70000076293945,28.25,29.100000381469727,14625
2024-08-02,24.389999389648438,24.389999389648438,19.5,23.315000534057617,50730
2024-08-05,15.942000389099121,19.86400032043457,13.109999656677246,19.270000457763672,72897
2024-08-06,20.399999618530273,22.0,18.889999389648438,20.920000076293945,32367
2024-08-07,21.399999618530273,23.420000076293945,20.829999923706055,21.540000915527344,9640
2024-08-08,18.899999618530273,20.065000534057617,17.0,20.03499984741211,31229
2024-08-09,20.81999969482422,22.69499969482422,20.03499984741211,20.684999465942383,10563
2024-08-12,21.34000015258789,24.25,21.19499969482422,23.450000762939453,10508
2024-08-13,24.350000381469727,27.15999984741211,23.854999542236328,26.834999084472656,18603
2024-08-14,28.459999084472656,29.5,26.020000457763672,28.334999084472656,19782
2024-08-16,32.130001068115234,34.185001373291016,30.729999542236328,32.665000915527344,16842
2024-08-19,33.529998779296875,35.27000045776367,32.334999084472656,35.27000045776367,7661
2024-08-20,36.06999969482422,38.16999816894531,34.22999954223633,35.9900016784668,27447
2024-08-21,34.650001525878906,37.0,34.2599983215332,36.06999969482422,14282
2024-08-22,36.44499969482422,38.0099983215332,35.650001525878906,35.70000076293945,15866
2024-08-23,34.88999938964844,36.64500045776367,33.15999984741211,35.96500015258789,26728
2024-08-26,36.9900016784668,37.900001525878906,32.470001220703125,34.650001525878906,29317
2024-08-27,34.43000030517578,35.994998931884766,32.415000915527344,35.41999816894531,23872
2024-08-28,35.599998474121094,36.4900016784668,31.135000228881836,32.619998931884766,31213
2024-08-29,29.510000228881836,32.709999084472656,28.0,29.899999618530273,40214
2024-08-30,28.80500030517578,29.385000228881836,27.239999771118164,27.299999237060547,9880
2024-09-02,27.719999313354492,28.65999984741211,27.719999313354492,28.260000228881836,4347
2024-09-03,28.434999465942383,28.434999465942383,21.21500015258789,22.385000228881836,32616
2024-09-04,18.719999313354492,21.334999084472656,17.555999755859375,20.014999389648438,39898
2024-09-05,19.860000610351562,20.739999771118164,18.285999298095703,19.23200035095215,18357
2024-09-06,18.75200080871582,20.2549991607666,16.652000427246094,16.895999908447266,26678
2024-09-09,17.079999923706055,19.239999771118164,17.079999923706055,18.266000747680664,10474
2024-09-10,19.923999786376953,20.5,18.770000457763672,19.423999786376953,21139
2024-09-11,19.718000411987305,22.0,19.459999084472656,20.639999389648438,21275
2024-09-12,25.25,26.815000534057617,23.850000381469727,25.950000762939453,16798
2024-09-13,26.299999237060547,26.614999771118164,25.25,26.2450008392334,3461
2024-09-16,24.770000457763672,25.579999923706055,22.739999771118164,24.354999542236328,5414
2024-09-17,24.799999237060547,25.399999618530273,24.354999542236328,24.790000915527344,3025
2024-09-18,23.739999771118164,24.030000686645508,23.0,23.15999984741211,1693
2024-09-19,24.295000076293945,25.799999237060547,24.014999389648438,25.684999465942383,5437
2024-09-20,24.69499969482422,25.21500015258789,23.350000381469727,23.514999389648438,5182
2024-09-23,23.815000534057617,24.114999771118164,23.299999237060547,23.405000686645508,2590
2024-09-24,24.094999313354492,24.850000381469727,23.549999237060547,24.850000381469727,3923
2024-09-25,26.329999923706055,29.28499984741211,25.079999923706055,28.594999313354492,11861
2024-09-26,29.815000534057617,31.0,27.5,28.260000228881836,13196
2024-09-27,27.34000015258789,28.989999771118164,25.920000076293945,25.920000076293945,6215
2024-09-30,26.299999237060547,26.55500030517578,24.594999313354492,26.485000610351562,3123
2024-10-01,26.760000228881836,27.53499984741211,23.700000762939453,24.204999923706055,5609
2024-10-02,23.860000610351562,25.389999389648438,22.700000762939453,25.389999389648438,11133
2024-10-03,25.834999084472656,28.69499969482422,25.260000228881836,27.704999923706055,7647
2024-10-04,27.700000762939453,29.440000534057617,27.43000030517578,28.415000915527344,6963
2024-10-07,28.420000076293945,31.8700008392334,28.020000457763672,31.8700008392334,13350
2024-10-08,30.2549991607666,34.88999938964844,30.2549991607666,34.275001525878906,18320
2024-10-09,34.61000061035156,36.5,33.79999923706055,35.39500045776367,15950
2024-10-10,34.849998474121094,36.255001068115234,33.220001220703125,35.95000076293945,19986
2024-10-11,36.5,37.150001525878906,35.720001220703125,36.494998931884766,17826
2024-10-14,36.459999084472656,40.42499923706055,36.34000015258789,39.064998626708984,26321
2024-10-15,39.244998931884766,39.400001525878906,31.489999771118164,34.20000076293945,35154
2024-10-16,34.53499984741211,35.9900016784668,33.95000076293945,35.7400016784668,19721
2024-10-17,38.494998931884766,40.900001525878906,38.275001525878906,39.915000915527344,17341
2024-10-18,39.244998931884766,39.400001525878906,38.349998474121094,38.7599983215332,6595
2024-10-21,39.255001068115234,41.79999923706055,37.849998474121094,40.9900016784668,16295
2024-10-22,42.400001525878906,44.345001220703125,42.20000076293945,43.2400016784668,16571
2024-10-23,43.630001068115234,43.83000183105469,39.5,40.224998474121094,7377
2024-10-24,41.625,42.46500015258789,39.064998626708984,40.064998626708984,8515
2024-10-25,40.79999923706055,43.86000061035156,40.63999938964844,43.474998474121094,8526
2024-10-28,41.470001220703125,43.36000061035156,40.369998931884766,40.79999923706055,10615
2024-10-29,42.1349983215332,42.1349983215332,39.65999984741211,41.71500015258789,8872
2024-10-30,41.099998474121094,41.099998474121094,37.5,39.665000915527344,6658
2024-10-31,38.27000045776367,38.595001220703125,33.56999969482422,34.6150016784668,10223
2024-11-01,35.19499969482422,37.20000076293945,34.90999984741211,36.78499984741211,3333
2024-11-04,38.15999984741211,38.959999084472656,36.0,38.2400016784668,8924
2024-11-05,36.564998626708984,38.970001220703125,36.349998474121094,38.970001220703125,1788
2024-11-06,41.76499938964844,43.540000915527344,40.880001068115234,43.220001220703125,14316
2024-11-07,43.06999969482422,47.0,43.03499984741211,46.69499969482422,13471
2024-11-08,46.564998626708984,48.400001525878906,45.06999969482422,46.040000915527344,14248
2024-11-11,46.78499984741211,48.39500045776367,42.91999816894531,44.55500030517578,14393
2024-11-12,43.76499938964844,48.3849983215332,42.66999816894531,47.82500076293945,10725
2024-11-13,47.59000015258789,48.400001525878906,45.79499816894531,46.474998474121094,18093
2024-11-14,46.95000076293945,48.154998779296875,45.52000045776367,47.974998474121094,17179
2024-11-15,47.20000076293945,47.20000076293945,41.875,42.56999969482422,13718
2024-11-18,43.459999084472656,43.459999084472656,37.26499938964844,40.67499923706055,18835
2024-11-19,40.70500183105469,43.5,39.76499938964844,42.880001068115234,9738
2024-11-20,47.119998931884766,47.119998931884766,41.96500015258789,43.97999954223633,31728
2024-11-21,42.45500183105469,50.0,39.375,44.66999816894531,56507
2024-11-22,44.77000045776367,46.44499969482422,41.85499954223633,41.89500045776367,16775
2024-11-25,42.11000061035156,42.970001220703125,36.084999084472656,38.06999969482422,17421
2024-11-26,37.53499984741211,38.29999923706055,35.779998779296875,36.845001220703125,8166
2024-11-27,36.5,36.5,32.67499923706055,33.08000183105469,11137
2024-11-28,37.290000915527344,37.51499938964844,35.904998779296875,35.904998779296875,2790
2024-11-29,36.904998779296875,38.349998474121094,36.0,37.58000183105469,4142
2024-12-02,37.220001220703125,39.400001525878906,36.0,38.28499984741211,6511
2024-12-03,37.595001220703125,39.36000061035156,37.1150016784668,38.369998931884766,7492
2024-12-04,39.58000183105469,41.494998931884766,39.58000183105469,41.494998931884766,6087
2024-12-05,42.029998779296875,44.0099983215332,42.02000045776367,44.0099983215332,24243
2024-12-06,42.79999923706055,42.974998474121094,40.0,40.72999954223633,13467
2024-12-09,41.400001525878906,41.400001525878906,36.16999816894531,36.814998626708984,18218
2024-12-10,37.099998474121094,39.900001525878906,35.95000076293945,35.95000076293945,17357
2024-12-11,35.04999923706055,36.54999923706055,35.0,36.61000061035156,9147
2024-12-12,38.57500076293945,38.57500076293945,35.185001373291016,35.79999923706055,7153
2024-12-13,38.25,38.25,32.5,32.775001525878906,13071
2024-12-16,33.8849983215332,34.25,31.0,31.405000686645508,39310
2024-12-17,31.795000076293945,31.795000076293945,28.235000610351562,29.80500030517578,16139
2024-12-18,31.764999389648438,35.3849983215332,31.614999771118164,34.255001068115234,10204
2024-12-19,33.560001373291016,33.560001373291016,30.940000534057617,32.994998931884766,8429
2024-12-20,32.900001525878906,33.790000915527344,28.309999465942383,33.790000915527344,10995
2024-12-23,35.42499923706055,36.02000045776367,34.5,36.025001525878906,6149
2024-12-27,36.154998779296875,37.459999084472656,33.51499938964844,35.119998931884766,16378
2024-12-30,34.935001373291016,36.29999923706055,33.0,35.869998931884766,3069
2025-01-02,34.7599983215332,36.51499938964844,34.05500030517578,36.369998931884766,2653
2025-01-03,37.5,40.8650016784668,36.39500045776367,40.525001525878906,41737
2025-01-06,42.39500045776367,47.36000061035156,42.0,47.29999923706055,31210
2025-01-07,46.15999984741211,48.92499923706055,37.400001525878906,39.33000183105469,38840
2025-01-08,39.0,40.82500076293945,36.529998779296875,37.040000915527344,22279
2025-01-09,35.76499938964844,36.86000061035156,34.20500183105469,36.099998474121094,6734
2025-01-10,36.47999954223633,36.64500045776367,32.619998931884766,33.775001525878906,12910
2025-01-13,33.849998474121094,33.849998474121094,29.489999771118164,30.829999923706055,10928
2025-01-14,34.97999954223633,34.97999954223633,29.985000610351562,30.34000015258789,11241
2025-01-15,31.5,33.099998474121094,30.079999923706055,32.4900016784668,16929
2025-01-16,35.7599983215332,36.40999984741211,32.720001220703125,32.720001220703125,14270
2025-01-17,33.51499938964844,35.04999923706055,32.58000183105469,35.0,10023
2025-01-20,35.0,36.095001220703125,34.08000183105469,35.0,4853
2025-01-21,35.974998474121094,36.119998931884766,34.185001373291016,35.20000076293945,16391
2025-01-22,38.44499969482422,41.5,37.959999084472656,40.5,32714
2025-01-23,40.04999923706055,40.64500045776367,38.79999923706055,40.279998779296875,18597
2025-01-24,41.57500076293945,42.7400016784668,39.27000045776367,39.404998779296875,25102
2025-01-27,29.985000610351562,31.0,18.459999084472656,18.459999084472656,152767
2025-01-28,20.454999923706055,21.469999313354492,17.055999755859375,19.214000701904297,111420
2025-01-29,22.200000762939453,24.0,19.143999099731445,19.68600082397461,61944
2025-01-30,20.204999923706055,20.565000534057617,17.38800048828125,17.607999801635742,46412
2025-01-31,20.0,22.170000076293945,19.440000534057617,21.46500015258789,50460
2025-02-03,19.0,19.0,15.5,16.875999450683594,163885
2025-02-04,17.510000228881836,18.691999435424805,16.597999572753906,18.242000579833984,47881
2025-02-05,18.360000610351562,19.624000549316406,17.399999618530273,19.56999969482422,34693
2025-02-06,20.5,21.559999465942383,20.415000915527344,21.350000381469727,29512
2025-02-07,22.4950008392334,22.93000030517578,21.235000610351562,22.274999618530273,49527
2025-02-10,22.975000381469727,25.350000381469727,22.2450008392334,24.719999313354492,83914
2025-02-11,24.479999542236328,25.049999237060547,23.670000076293945,24.8700008392334,18571
2025-02-12,24.165000915527344,24.639999389648438,22.450000762939453,22.989999771118164,28483
2025-02-13,23.1299991607666,25.81999969482422,22.625,25.55500030517578,26656
2025-02-14,25.520000457763672,26.780000686645508,25.0,25.825000762939453,20822
2025-02-17,27.104999542236328,27.96500015258789,27.094999313354492,27.6200008392334,9701
2025-02-18,28.1299991607666,29.700000762939453,27.520000457763672,28.514999389648438,17378
2025-02-19,28.149999618530273,28.149999618530273,26.239999771118164,27.940000534057617,9342
2025-02-20,27.399999618530273,28.299999237060547,26.0,26.735000610351562,22395
2025-02-21,27.719999313354492,28.350000381469727,26.950000762939453,27.229999542236328,20751
2025-02-24,25.3799991607666,26.65999984741211,22.489999771118164,24.190000534057617,43995
2025-02-25,20.934999465942383,22.799999237060547,19.038000106811523,20.0049991607666,63798
2025-02-26,21.0049991607666,23.5,21.0049991607666,22.90999984741211,43123
2025-02-27,22.760000228881836,24.600000381469727,19.799999237060547,20.56999969482422,66220
2025-02-28,19.5,19.579999923706055,15.399999618530273,17.670000076293945,109409
2025-03-03,18.600000381469727,18.908000946044922,15.880000114440918,16.18600082397461,34257
2025-03-04,17.0,17.0,11.958000183105469,12.960000038146973,129960
2025-03-05,15.65999984741211,15.65999984741211,13.789999961853027,13.961999893188477,28604
2025-03-06,14.236000061035156,14.260000228881836,12.998000144958496,13.395999908447266,36382
2025-03-07,12.199999809265137,12.906000137329102,11.699999809265137,11.699999809265137,109586
2025-03-10,13.220000267028809,13.220000267028809,10.510000228881836,11.140000343322754,48148
2025-03-11,10.668000221252441,11.817999839782715,10.170000076293945,11.253999710083008,52050
2025-03-12,11.657999992370605,13.600000381469727,11.494000434875488,13.37399959564209,45865
2025-03-13,13.168000221252441,14.0,12.880000114440918,13.442000389099121,16917
2025-03-14,13.954000473022461,15.380000114440918,13.954000473022461,15.031999588012695,43024
2025-03-17,15.399999618530273,16.121999740600586,13.989999771118164,13.989999771118164,50904
2025-03-18,14.642000198364258,14.928000450134277,12.697999954223633,13.847999572753906,34676
2025-03-19,12.90999984741211,13.88599967956543,12.90999984741211,13.958000183105469,16891
2025-03-20,14.314000129699707,14.850000381469727,13.399999618530273,14.142000198364258,33990
2025-03-21,14.149999618530273,14.149999618530273,13.199999809265137,13.918000221252441,53316
2025-03-24,14.369999885559082,15.600000381469727,14.355999946594238,15.395999908447266,20214
2025-03-25,14.944000244140625,15.196000099182129,14.437999725341797,15.015999794006348,11722
2025-03-26,14.789999961853027,14.803999900817871,12.399999618530273,12.54800033569336,39396
2025-03-27,12.043999671936035,12.649999618530273,11.5,12.0600004196167,67764
2025-03-28,11.739999771118164,12.057999610900879,10.899999618530273,11.029999732971191,40096
2025-03-31,9.932000160217285,10.163999557495117,9.206999778747559,9.722999572753906,41925
2025-04-01,10.998000144958496,11.118000030517578,10.107999801635742,10.857999801635742,41418
2025-04-02,10.776000022888184,11.199999809265137,10.229999542236328,11.184000015258789,16006
2025-04-03,9.489999771118164,10.133999824523926,8.557999610900879,8.781000137329102,58891
2025-04-04,8.345000267028809,8.723999977111816,6.0289998054504395,6.800000190734863,90604
2025-04-07,4.698500156402588,7.935999870300293,4.651000022888184,6.7870001792907715,150045
2025-04-08,7.767000198364258,9.279999732971191,7.666999816894531,8.331999778747559,64878
2025-04-09,7.193999767303467,8.0,6.567999839782715,7.474999904632568,57259
2025-04-10,10.461999893188477,10.973999977111816,8.720999717712402,8.894000053405762,54532
2025-04-11,9.154000282287598,9.585000038146973,8.366999626159668,8.95199966430664,38346
2025-04-14,10.208000183105469,10.645999908447266,9.571999549865723,9.550000190734863,197655
2025-04-15,9.371999740600586,10.119999885559082,9.204999923706055,9.880999565124512,124199
2025-04-16,8.095999717712402,8.649999618530273,7.664000034332275,8.244999885559082,96308
2025-04-17,8.425000190734863,8.491000175476074,7.000999927520752,7.868000030517578,57233
2025-04-22,7.019999980926514,7.019999980926514,6.189000129699707,6.636000156402588,89493
2025-04-23,7.13700008392334,7.698999881744385,7.13700008392334,7.453999996185303,40421
2025-04-24,7.053999900817871,7.989999771118164,6.888000011444092,7.877999782562256,11371
2025-04-25,8.343000411987305,8.609999656677246,8.039999961853027,8.550999641418457,46759
2025-04-28,8.699999809265137,9.170000076293945,8.029999732971191,7.989999771118164,38868
2025-04-29,8.251999855041504,8.899999618530273,8.232999801635742,8.539999961853027,15496
2025-04-30,8.550000190734863,8.550000190734863,7.510000228881836,7.99399995803833,16257
2025-05-02,9.270999908447266,10.149999618530273,9.100000381469727,10.088000297546387,42148
2025-05-05,10.5600004196167,10.59000015258789,9.369999885559082,9.682000160217285,7913
2025-05-06,9.836000442504883,9.836000442504883,8.986000061035156,9.461999893188477,4953
2025-05-07,9.75,9.857999801635742,9.286999702453613,9.506999969482422,11869
2025-05-08,10.729999542236328,11.399999618530273,10.223999977111816,10.605999946594238,26756
2025-05-09,10.788000106811523,10.845999717712402,10.272000312805176,10.319999694824219,5600
2025-05-12,11.704000473022461,12.350000381469727,11.465999603271484,11.862000465393066,45813
2025-05-13,12.0,14.359999656677246,11.850000381469727,14.109999656677246,81790
2025-05-14,15.001999855041504,15.699999809265137,14.600000381469727,15.545999526977539,65407
2025-05-15,15.640000343322754,15.746000289916992,14.75,15.616000175476074,38541
2025-05-16,15.550000190734863,16.447999954223633,15.399999618530273,15.829999923706055,19866
2025-05-19,14.899999618530273,15.899999618530273,14.0,15.661999702453613,36977
2025-05-20,15.529999732971191,15.871999740600586,15.0,15.277999877929688,10162
2025-05-21,14.817999839782715,15.907999992370605,14.779999732971191,15.87399959564209,7159
2025-05-22,14.699999809265137,15.258000373840332,14.29800033569336,14.944000244140625,6156
2025-05-23,15.0,15.0,13.154000282287598,14.1899995803833,18947
2025-05-26,14.8100004196167,15.319999694824219,14.630000114440918,14.630000114440918,8825
2025-05-27,15.305999755859375,15.605999946594238,14.96399974822998,15.538000106811523,11708
2025-05-28,15.649999618530273,16.149999618530273,15.5,15.722000122070312,18171
2025-05-29,17.586000442504883,18.5,16.8799991607666,17.6200008392334,69665
2025-05-30,16.552000045776367,16.920000076293945,15.5,15.579999923706055,41084
2025-06-02,14.979999542236328,16.25200080871582,14.630000114440918,15.694000244140625,27247
2025-06-03,16.0,18.0,15.75,17.559999465942383,25791
2025-06-04,17.510000228881836,17.964000701904297,16.68199920654297,17.408000946044922,23770
2025-06-05,17.535999298095703,17.899999618530273,17.040000915527344,17.881999969482422,36277
2025-06-06,17.118000030517578,18.010000228881836,16.81999969482422,17.496000289916992,14349
2025-06-09,17.530000686645508,18.649999618530273,17.530000686645508,18.077999114990234,20417
2025-06-10,17.986000061035156,18.040000915527344,17.459999084472656,17.753999710083008,15724
2025-06-11,18.054000854492188,18.700000762939453,17.941999435424805,18.15999984741211,6891
2025-06-12,17.777999877929688,18.3700008392334,16.799999237060547,18.253999710083008,15407
2025-06-13,17.218000411987305,17.770000457763672,16.93000030517578,17.531999588012695,12891
2025-06-16,17.450000762939453,18.79800033569336,17.450000762939453,18.549999237060547,14307
2025-06-17,18.0,18.81800079345703,17.860000610351562,18.257999420166016,11339
2025-06-18,18.20400047302246,18.697999954223633,18.100000381469727,18.31599998474121,23721
2025-06-19,18.0,18.437999725341797,17.3439998626709,18.284000396728516,27629
2025-06-20,18.648000717163086,18.700000762939453,17.8700008392334,17.964000701904297,5849
2025-06-23,17.850000381469727,18.025999069213867,17.399999618530273,17.923999786376953,17020
2025-06-24,18.43400001525879,19.229999542236328,18.3700008392334,18.739999771118164,17449
2025-06-25,19.13599967956543,21.200000762939453,19.13599967956543,20.7549991607666,27474
2025-06-26,22.0,22.774999618530273,21.3799991607666,21.81999969482422,27322
2025-06-27,22.0,23.06999969482422,21.84000015258789,23.06999969482422,13769
2025-06-30,23.2450008392334,23.514999389648438,22.135000228881836,22.549999237060547,11133
2025-07-01,22.4950008392334,22.4950008392334,19.898000717163086,20.809999465942383,34494
2025-07-02,20.90999984741211,22.549999237060547,20.0,22.110000610351562,7971
2025-07-03,22.729999542236328,24.170000076293945,22.190000534057617,23.46500015258789,21690
2025-07-04,23.479999542236328,23.479999542236328,22.5,23.0,3322
2025-07-07,23.0,23.274999618530273,22.6200008392334,22.899999618530273,5289
2025-07-08,23.395000457763672,23.670000076293945,23.049999237060547,23.260000228881836,13355
2025-07-09,23.899999618530273,25.540000915527344,23.5,25.125,20701
2025-07-10,25.149999618530273,25.875,24.600000381469727,24.8799991607666,12460
2025-07-11,25.0,27.235000610351562,24.90999984741211,26.71500015258789,16683
2025-07-14,25.545000076293945,26.475000381469727,24.850000381469727,25.604999542236328,9219
2025-07-15,28.209999084472656,29.684999465942383,28.0,29.0,29286
2025-07-16,28.584999084472656,29.19499969482422,27.799999237060547,28.200000762939453,12887
2025-07-17,30.0,30.399999618530273,29.149999618530273,29.979999542236328,14180
2025-07-18,30.43000030517578,30.43000030517578,28.825000762939453,29.5,13579
2025-07-21,29.600000381469727,29.899999618530273,29.1299991607666,29.3799991607666,7885
2025-07-22,28.799999237060547,28.834999084472656,25.790000915527344,26.969999313354492,16562
2025-07-23,27.25,28.0,26.899999618530273,27.739999771118164,13052
2025-07-24,28.915000915527344,29.55500030517578,28.204999923706055,29.18000030517578,11718
2025-07-25,28.834999084472656,30.19499969482422,28.834999084472656,29.825000762939453,14585
2025-07-28,30.110000610351562,30.770000457763672,30.049999237060547,30.450000762939453,8388
2025-07-29,32.56999969482422,33.29499816894531,31.350000381469727,31.450000762939453,19807
2025-07-30,31.739999771118164,33.1150016784668,31.1200008392334,32.70500183105469,5867
2025-07-31,35.8849983215332,35.8849983215332,32.8650016784668,33.665000915527344,11474
2025-08-01,31.635000228881836,31.635000228881836,29.0,30.610000610351562,33209
2025-08-04,30.399999618530273,32.31999969482422,30.399999618530273,31.829999923706055,5124
2025-08-05,33.22999954223633,33.91999816894531,31.514999389648438,31.18000030517578,18435
2025-08-06,32.7599983215332,32.7599983215332,31.0,31.875,4069
2025-08-07,33.0,34.849998474121094,32.97999954223633,33.58000183105469,13500
2025-08-08,33.80500030517578,34.58000183105469,32.939998626708984,33.349998474121094,5014
2025-08-11,34.48500061035156,35.0,32.27000045776367,34.334999084472656,8481
2025-08-12,34.0,34.86000061035156,32.38999938964844,33.68000030517578,6269
2025-08-13,34.345001220703125,34.70000076293945,32.41999816894531,32.59000015258789,10269
2025-08-14,33.40999984741211,34.494998931884766,32.73500061035156,33.900001525878906,3186
2025-08-18,33.084999084472656,34.099998474121094,32.08000183105469,33.20000076293945,4155
2025-08-19,33.310001373291016,34.494998931884766,31.3700008392334,32.029998779296875,4146
2025-08-20,29.479999542236328,30.75,26.545000076293945,28.459999084472656,17276
2025-08-21,30.549999237060547,31.05500030517578,29.700000762939453,30.135000228881836,2805
2025-08-22,28.709999084472656,31.395000457763672,28.200000762939453,31.25,4336
2025-08-25,31.25,33.16999816894531,30.649999618530273,32.994998931884766,15096
2025-08-26,32.599998474121094,33.20000076293945,31.75,33.005001068115234,4948
2025-08-27,33.900001525878906,34.20000076293945,32.099998474121094,33.5,8971
2025-08-28,32.36000061035156,34.935001373291016,30.639999389648438,32.09000015258789,15512
2025-08-29,32.05500030517578,32.39500045776367,28.709999084472656,29.56999969482422,13829
2025-09-01,29.405000686645508,29.514999389648438,28.700000762939453,29.274999618530273,994
2025-09-02,29.0,29.0,26.299999237060547,26.545000076293945,111055
2025-09-03,27.184999465942383,28.114999771118164,27.0,27.190000534057617,3436
2025-09-04,27.579999923706055,27.844999313354492,27.190000534057617,27.454999923706055,1553
2025-09-05,27.860000610351562,27.905000686645508,24.1200008392334,25.200000762939453,87508
2025-09-08,26.084999084472656,26.770000457763672,25.3700008392334,26.604999542236328,72542
2025-09-09,26.274999618530273,26.860000610351562,25.200000762939453,25.635000228881836,2326
2025-09-10,28.3700008392334,30.975000381469727,28.09000015258789,30.770000457763672,15478
2025-09-11,30.545000076293945,31.1200008392334,30.0,30.479999542236328,7108
2025-09-12,30.15999984741211,30.75,29.81999969482422,30.454999923706055,47024
2025-09-15,30.190000534057617,30.575000762939453,28.0,29.815000534057617,71578
2025-09-16,29.815000534057617,29.989999771118164,29.209999084472656,29.184999465942383,22795
2025-09-17,28.600000381469727,28.600000381469727,26.09000015258789,27.235000610351562,17969
2025-09-18,27.229999542236328,29.674999237060547,27.200000762939453,29.229999542236328,3166
2025-09-19,29.5,30.0,28.514999389648438,29.424999237060547,6434
2025-09-22,28.71500015258789,29.024999618530273,28.299999237060547,28.790000915527344,4142
2025-09-23,31.7450008392334,32.5,30.3700008392334,30.59000015258789,79399
2025-09-24,30.700000762939453,30.700000762939453,29.985000610351562,30.135000228881836,31458
2025-09-25,30.219999313354492,30.350000381469727,27.799999237060547,30.309999465942383,4132
2025-09-26,29.80500030517578,29.985000610351562,28.43000030517578,29.270000457763672,2750
2025-09-29,30.704999923706055,32.70000076293945,30.05500030517578,31.885000228881836,12912
2025-09-30,31.385000228881836,34.439998626708984,30.90999984741211,33.689998626708984,22505
2025-10-01,32.900001525878906,34.599998474121094,32.439998626708984,34.09000015258789,46468
2025-10-02,34.3650016784668,36.20000076293945,34.279998779296875,35.904998779296875,14551
2025-10-03,35.814998626708984,36.150001525878906,35.04499816894531,35.79499816894531,86642
2025-10-06,36.33000183105469,36.33000183105469,32.20000076293945,34.119998931884766,22941
2025-10-07,33.61000061035156,35.994998931884766,33.61000061035156,33.790000915527344,4661
2025-10-08,33.619998931884766,36.0,33.619998931884766,35.345001220703125,4142
2025-10-09,36.88999938964844,39.0,36.35499954223633,38.25,113345
2025-10-10,36.69499969482422,39.439998626708984,34.685001373291016,34.685001373291016,120644
2025-10-13,35.26499938964844,36.404998779296875,33.709999084472656,35.25,7354
2025-10-14,34.125,34.125,31.0,32.48500061035156,12570
2025-10-15,33.005001068115234,33.16999816894531,31.065000534057617,31.28499984741211,7379
2025-10-16,32.400001525878906,32.400001525878906,30.764999389648438,31.385000228881836,1498
2025-10-17,30.415000915527344,31.950000762939453,28.06999969482422,30.7549991607666,5688
2025-10-20,32.08000183105469,32.79999923706055,31.549999237060547,32.14500045776367,4500
2025-10-21,31.920000076293945,32.029998779296875,30.829999923706055,31.34000015258789,1508
2025-10-22,30.80500030517578,31.299999237060547,29.899999618530273,30.040000915527344,1430
2025-10-23,30.040000915527344,31.549999237060547,29.950000762939453,31.290000915527344,2498
2025-10-27,34.2400016784668,35.89500045776367,34.1349983215332,35.53499984741211,17649
2025-10-28,35.400001525878906,37.79999923706055,35.14500045776367,36.96500015258789,11914
2025-10-29,43.849998474121094,47.79499816894531,43.165000915527344,44.20000076293945,43312
2025-10-30,45.46500015258789,45.46500015258789,41.5,42.70500183105469,5967
2025-10-31,44.30500030517578,45.275001525878906,42.52000045776367,43.040000915527344,3877
2025-11-03,42.654998779296875,46.130001068115234,42.04499816894531,45.584999084472656,6192
2025-11-04,43.130001068115234,43.1349983215332,41.025001525878906,41.630001068115234,6022
2025-11-05,38.67499923706055,42.13999938964844,36.689998626708984,41.82500076293945,14738
2025-11-06,39.125,39.45500183105469,34.05500030517578,34.904998779296875,14209
2025-11-07,34.744998931884766,34.744998931884766,28.6200008392334,30.299999237060547,18497
2025-11-10,36.81999969482422,38.11000061035156,35.65999984741211,36.44499969482422,14910
2025-11-11,38.709999084472656,38.904998779296875,34.599998474121094,35.16999816894531,7003
2025-11-12,36.939998626708984,37.400001525878906,34.7400016784668,35.39500045776367,3391
2025-11-13,35.55500030517578,35.59000015258789,31.5,31.809999465942383,10253
2025-11-14,31.6299991607666,34.095001220703125,28.645000457763672,33.779998779296875,11947
2025-11-17,35.540000915527344,35.77000045776367,31.770000457763672,33.31999969482422,1898
2025-11-18,30.334999084472656,31.825000762939453,28.75,30.145000457763672,5471
2025-11-19,30.299999237060547,32.650001525878906,29.600000381469727,31.34000015258789,5973
2025-11-20,38.25,38.70000076293945,33.005001068115234,33.16999816894531,23593
2025-11-21,29.184999465942383,30.104999542236328,25.510000228881836,28.885000228881836,15860
2025-11-24,29.489999771118164,29.739999771118164,27.219999313354492,29.405000686645508,2558
2025-11-25,28.399999618530273,28.399999618530273,23.55500030517578,25.729999542236328,8436
2025-11-26,28.084999084472656,29.5,25.934999465942383,28.489999771118164,6588
2025-11-27,28.049999237060547,28.110000610351562,27.399999618530273,27.915000915527344,1277
2025-11-28,28.399999618530273,29.079999923706055,26.600000381469727,26.854999542236328,2989
2025-12-01,26.469999313354492,28.209999084472656,25.299999237060547,27.575000762939453,5743
2025-12-02,27.78499984741211,30.290000915527344,27.670000076293945,28.25,4748
2025-12-03,29.690000534057617,29.7549991607666,27.700000762939453,28.190000534057617,822
2025-12-04,28.899999618530273,29.100000381469727,27.799999237060547,29.010000228881836,1387
2025-12-05,29.424999237060547,29.75,28.280000686645508,28.864999771118164,2211
2025-12-08,28.899999618530273,30.200000762939453,28.899999618530273,30.200000762939453,1280
